Ref,Val,Package,PosX,PosY,Rot,Side
"C1","100uF/63V","CP_Elec_8x10",142.790000,-183.000000,0.000000,top
"C2","100nF/100V","C_0805_2012Metric",149.420000,-183.000000,90.000000,top
"C3","470uF/16V","CP_Elec_8x10",192.000000,-183.370000,0.000000,top
"C4","100nF","C_0603_1608Metric",200.000000,-183.000000,90.000000,top
"C5","10uF","C_0805_2012Metric",203.050000,-175.612500,90.000000,top
"C6","10uF","C_0805_2012Metric",213.000000,-176.000000,90.000000,top
"C7","10uF","C_0805_2012Metric",220.000000,-183.000000,90.000000,top
"C8","100nF","C_0603_1608Metric",223.000000,-183.000000,90.000000,top
"C10","18pF","C_0603_1608Metric",141.000000,-149.000000,0.000000,top
"C11","18pF","C_0603_1608Metric",151.000000,-149.000000,0.000000,top
"C12","100nF","C_0603_1608Metric",142.000000,-116.000000,0.000000,top
"C13","2.2uF","C_0805_2012Metric",166.000000,-144.000000,0.000000,top
"C14","2.2uF","C_0805_2012Metric",171.000000,-144.000000,0.000000,top
"C15","100nF","C_0603_1608Metric",142.000000,-120.000000,0.000000,top
"C16","100nF","C_0603_1608Metric",147.000000,-120.000000,0.000000,top
"C17","100nF","C_0603_1608Metric",152.000000,-120.000000,0.000000,top
"C18","100nF","C_0603_1608Metric",162.000000,-120.000000,0.000000,top
"C19","100nF","C_0603_1608Metric",167.000000,-120.000000,0.000000,top
"C20","100nF","C_0603_1608Metric",172.000000,-120.000000,0.000000,top
"C21","4.7uF","C_0805_2012Metric",177.000000,-120.000000,0.000000,top
"C22","18pF","C_0603_1608Metric",124.000000,-149.000000,0.000000,top
"C23","18pF","C_0603_1608Metric",134.000000,-149.000000,0.000000,top
"C24","1uF","C_0603_1608Metric",124.430000,-122.000000,90.000000,top
"C25","100nF","C_0603_1608Metric",124.000000,-145.000000,0.000000,top
"C26","100nF","C_0603_1608Metric",110.000000,-147.150000,0.000000,top
"C27","10nF","C_0603_1608Metric",116.000000,-147.150000,0.000000,top
"C28","10uF","C_0805_2012Metric",175.000000,-141.000000,0.000000,top
"C29","100nF","C_0603_1608Metric",180.000000,-141.000000,0.000000,top
"C30","1uF","C_0603_1608Metric",172.000000,-124.000000,90.000000,top
"C31","1uF","C_0603_1608Metric",178.000000,-124.000000,90.000000,top
"C32","10uF","C_0805_2012Metric",185.000000,-141.000000,0.000000,top
"C33","10uF","C_0805_2012Metric",185.000000,-145.000000,0.000000,top
"C34","100nF","C_0603_1608Metric",172.000000,-114.000000,0.000000,top
"C35","100nF","C_0603_1608Metric",177.000000,-114.000000,0.000000,top
"C36","10uF","C_0805_2012Metric",182.000000,-114.000000,0.000000,top
"C40","100nF","C_0603_1608Metric",129.000000,-118.000000,0.000000,top
"C41","100nF","C_0603_1608Metric",135.000000,-122.000000,90.000000,top
"D1","SMCJ33A","D_SMC",131.955000,-183.000000,0.000000,top
"D2","SS54","D_SMA",123.110000,-183.000000,0.000000,top
"D3","SS54","D_SMA",171.395000,-188.750000,0.000000,top
"D4","PWR","LED_0603_1608Metric",111.000000,-173.000000,0.000000,top
"D5","STAT1","LED_0603_1608Metric",170.000000,-110.000000,0.000000,top
"D6","STAT2","LED_0603_1608Metric",175.000000,-110.000000,0.000000,top
"D7","STAT3","LED_0603_1608Metric",180.000000,-110.000000,0.000000,top
"F1","1A","Fuse_1206_3216Metric",118.035000,-183.000000,90.000000,top
"FB1","600R@100MHz","L_0805_2012Metric",216.000000,-183.000000,0.000000,top
"FB2","600R@100MHz","L_0805_2012Metric",216.000000,-187.000000,0.000000,top
"FB3","600R@100MHz","L_0805_2012Metric",112.000000,-116.000000,0.000000,top
"J1","28VDC_BUS_IN","TerminalBlock_Phoenix_MKDS-1,5-2_1x02_P5.00mm_Horizontal",110.000000,-180.000000,180.000000,top
"J2","SWD","PinHeader_1x05_P2.54mm_Vertical",140.000000,-107.000000,90.000000,top
"J3","CONSOLE_UART","PinHeader_1x04_P2.54mm_Vertical",157.000000,-107.000000,90.000000,top
"J4","RJ45_MagJack","RJ45_Amphenol_RJMG1BD3B8K1ANR",113.500000,-132.000000,-90.000000,top
"J5","TO_RADIOS","DSUB-25_Pins_Horizontal_P2.77x2.84mm_EdgePinOffset7.70mm_Housed_MountingHolesOffset9.12mm",214.000000,-147.000000,90.000000,top
"L1","100uH/3A","L_12x12mm_H8mm",179.000000,-180.000000,0.000000,top
"R1","330R","R_0603_1608Metric",106.000000,-172.755000,90.000000,top
"R2","10K","R_0603_1608Metric",147.000000,-116.000000,90.000000,top
"R3","4.7K","R_0603_1608Metric",152.000000,-116.000000,90.000000,top
"R4","4.7K","R_0603_1608Metric",156.000000,-116.000000,90.000000,top
"R5","10K","R_0603_1608Metric",160.000000,-116.000000,90.000000,top
"R6","10K","R_0603_1608Metric",164.000000,-116.000000,90.000000,top
"R7","330R","R_0603_1608Metric",170.000000,-106.000000,0.000000,top
"R8","330R","R_0603_1608Metric",175.000000,-106.000000,0.000000,top
"R9","330R","R_0603_1608Metric",180.000000,-106.000000,0.000000,top
"R10","12.1K","R_0603_1608Metric",137.000000,-138.000000,90.000000,top
"R11","1.5K","R_0603_1608Metric",124.430000,-126.000000,90.000000,top
"R12","10K","R_0603_1608Metric",135.000000,-126.000000,90.000000,top
"R13","330R","R_0603_1608Metric",106.000000,-116.000000,0.000000,top
"R14","330R","R_0603_1608Metric",118.000000,-116.000000,0.000000,top
"R15","10K","R_0603_1608Metric",124.000000,-142.000000,90.000000,top
"R17","49.9R","R_0603_1608Metric",122.570000,-122.000000,90.000000,top
"R18","49.9R","R_0603_1608Metric",122.570000,-127.000000,90.000000,top
"R19","49.9R","R_0603_1608Metric",123.000000,-132.000000,90.000000,top
"R20","49.9R","R_0603_1608Metric",123.000000,-137.000000,90.000000,top
"R21","47K","R_0603_1608Metric",175.000000,-124.000000,90.000000,top
"R22","47K","R_0603_1608Metric",181.000000,-124.000000,90.000000,top
"R23","10K","R_0603_1608Metric",188.500000,-109.000000,90.000000,top
"R24","10K","R_0603_1608Metric",188.500000,-114.000000,90.000000,top
"R25","604R","R_0603_1608Metric",188.500000,-122.000000,90.000000,top
"R26","330R","R_0603_1608Metric",186.000000,-154.000000,90.000000,top
"R27","4.7K","R_0603_1608Metric",186.000000,-159.000000,90.000000,top
"R28","10K","R_0603_1608Metric",188.500000,-133.000000,90.000000,top
"R29","10K","R_0603_1608Metric",188.500000,-138.000000,90.000000,top
"R30","604R","R_0603_1608Metric",188.500000,-146.000000,90.000000,top
"R31","330R","R_0603_1608Metric",186.000000,-164.000000,90.000000,top
"R32","4.7K","R_0603_1608Metric",186.000000,-169.000000,90.000000,top
"T1","600:600","DIP-4_W10.16mm",196.000000,-112.000000,0.000000,top
"T2","600:600","DIP-4_W10.16mm",196.000000,-124.000000,0.000000,top
"T3","600:600","DIP-4_W10.16mm",196.000000,-136.000000,0.000000,top
"T4","600:600","DIP-4_W10.16mm",196.000000,-148.000000,0.000000,top
"U1","LM2576HVS-5.0","TO-263-5_TabPin3",161.000000,-182.000000,0.000000,top
"U2","AMS1117-3.3","SOT-223-3_TabPin2",207.000000,-181.387500,0.000000,top
"U3","STM32H743VIT6","LQFP-100_14x14mm_P0.5mm",157.000000,-130.000000,0.000000,top
"U4","LAN8742A","QFN-24-1EP_4x4mm_P0.5mm_EP2.6x2.6mm",129.000000,-132.000000,0.000000,top
"U5","TLV320AIC23BPW","TSSOP-28_4.4x9.7mm_P0.65mm",180.000000,-132.000000,0.000000,top
"U6","PC817","DIP-4_W7.62mm",193.000000,-155.000000,0.000000,top
"U7","PC817","DIP-4_W7.62mm",193.000000,-161.500000,0.000000,top
"U8","PC817","DIP-4_W7.62mm",193.000000,-168.000000,0.000000,top
"U9","PC817","DIP-4_W7.62mm",193.000000,-174.500000,0.000000,top
"Y1","25MHz","Crystal_SMD_3225-4Pin_3.2x2.5mm",146.000000,-144.000000,0.000000,top
"Y2","25MHz","Crystal_SMD_3225-4Pin_3.2x2.5mm",129.000000,-144.000000,0.000000,top
